Date,open,high,low,adj_close
2020-01-02,1348.41,1368.68,1346.49,1368.68
2020-01-03,1348.0,1373.75,1347.3236,1361.52
2020-01-06,1351.63,1398.32,1351.0,1397.81
2020-01-07,1400.46,1403.5,1391.555,1395.11
2020-01-08,1394.82,1411.85,1392.63,1405.04
2020-01-09,1421.93,1428.68,1410.21,1419.79
2020-01-10,1429.47,1434.9399,1419.5977,1428.96
2020-01-13,1435.25,1441.48,1425.37,1440.03
2020-01-14,1440.0,1442.63,1427.77,1430.59
2020-01-15,1433.02,1440.78,1431.66,1439.2
2020-01-16,1445.45,1450.7,1440.0,1450.16
2020-01-17,1462.54,1480.55,1456.55,1479.52
2020-01-21,1479.0,1489.8845,1470.21,1482.25
2020-01-22,1489.73,1500.5812,1482.6614,1484.17
2020-01-23,1487.55,1493.5,1480.32,1484.69
2020-01-24,1492.82,1494.2,1463.1796,1466.17
2020-01-27,1431.54,1436.58,1419.5,1431.73
2020-01-28,1441.74,1454.8,1430.36,1450.5
2020-01-29,1458.46,1464.14,1445.385,1456.7
2020-01-30,1438.1,1455.25,1435.0,1454.25
2020-01-31,1467.86,1469.67,1427.06,1432.78
2020-02-03,1461.65,1486.3,1456.61,1482.6
2020-02-04,1454.49,1467.335,1422.03,1445.41
2020-02-05,1463.61,1464.58,1429.675,1446.05
2020-02-06,1451.98,1481.56,1450.48,1475.97
2020-02-07,1467.385,1485.245,1465.41,1479.11
2020-02-10,1477.23,1508.88,1475.2,1508.66
2020-02-11,1513.27,1529.8799,1505.4501,1510.06
2020-02-12,1515.86,1520.3,1508.67,1518.63
2020-02-13,1510.0,1525.946,1504.0,1513.39
2020-02-14,1514.53,1520.05,1505.55,1518.73
2020-02-18,1514.34,1530.555,1511.01,1519.44
2020-02-19,1527.2,1530.74,1520.976,1524.87
2020-02-20,1519.01,1527.07,1504.255,1516.99
2020-02-21,1504.58,1510.945,1478.49,1483.46
2020-02-24,1423.05,1436.38,1406.79,1419.86
2020-02-25,1431.0,1436.847,1380.42,1386.32
2020-02-26,1394.98,1413.67,1376.5501,1390.47
2020-02-27,1359.14,1369.4,1314.24,1314.95
2020-02-28,1274.31,1342.45,1268.21,1339.25
2020-03-02,1351.39,1387.47,1325.2,1386.32
2020-03-03,1397.68,1408.19,1329.2421,1337.72
2020-03-04,1358.96,1382.78,1337.0,1381.6
2020-03-05,1345.55,1353.63,1301.64,1314.76
2020-03-06,1269.95,1302.75,1257.21,1295.74
2020-03-09,1204.96,1252.73,1198.04,1215.79
2020-03-10,1254.39,1275.85,1214.51,1275.17
2020-03-11,1248.27,1256.93,1191.14,1210.9
2020-03-12,1122.62,1188.75,1108.47,1111.55
2020-03-13,1174.99,1214.4,1112.29,1214.27
2020-03-16,1089.61,1145.47,1067.0801,1073.0
2020-03-17,1090.64,1126.0,1049.1,1118.06
2020-03-18,1059.94,1104.99,1037.0,1091.19
2020-03-19,1088.22,1152.61,1055.55,1111.67
2020-03-20,1130.9,1138.4783,1062.1,1068.21
2020-03-23,1056.37,1066.91,1008.87,1054.13
2020-03-24,1103.98,1133.33,1086.43,1130.01
2020-03-25,1124.58,1146.17,1083.01,1101.62
2020-03-26,1114.72,1171.48,1092.03,1162.92
2020-03-27,1127.47,1151.05,1104.0027,1110.26
2020-03-30,1132.64,1151.0,1098.4901,1146.31
2020-03-31,1148.73,1173.4,1136.72,1161.95
2020-04-01,1124.0,1129.42,1093.49,1102.1
2020-04-02,1100.0,1122.77,1093.13,1117.03
2020-04-03,1114.71,1118.79,1075.08,1092.7
2020-04-06,1133.0,1190.7547,1125.0,1183.19
2020-04-07,1217.01,1220.775,1177.25,1182.56
2020-04-08,1203.1,1214.9,1183.954,1207.0
2020-04-09,1218.18,1221.99,1192.4166,1206.57
2020-04-13,1201.5,1214.5199,1182.3318,1210.41
2020-04-14,1239.9735,1275.7499,1228.5413,1265.23
2020-04-15,1246.51,1275.1099,1234.0,1257.3
2020-04-16,1267.14,1273.3586,1238.2,1257.43
2020-04-17,1281.7,1290.0,1266.0,1279.0
2020-04-20,1269.89,1276.82,1256.44,1261.15
2020-04-21,1242.71,1250.0,1205.0,1212.16
2020-04-22,1241.11,1279.88,1237.2,1258.41
2020-04-23,1265.74,1288.15,1260.5301,1271.17
2020-04-24,1255.0,1277.71,1244.0,1276.6
2020-04-27,1292.0,1294.1,1265.06,1270.86
2020-04-28,1283.2,1284.76,1230.38,1232.59
2020-04-29,1344.92,1360.15,1326.73,1342.18
2020-04-30,1331.36,1350.0,1321.5,1346.369
2020-05-01,1324.09,1351.43,1309.66,1317.32
2020-05-04,1308.13,1324.47,1296.01,1322.9
2020-05-05,1337.5,1371.01,1335.03,1349.02
2020-05-06,1358.0,1368.69,1345.13,1345.43
2020-05-07,1361.31,1375.9999,1352.5406,1369.28
2020-05-08,1381.82,1396.64,1372.01,1384.34
2020-05-11,1376.79,1415.53,1375.5,1403.59
2020-05-12,1408.22,1414.33,1374.51,1375.18
2020-05-13,1376.16,1385.33,1328.01,1348.33
2020-05-14,1333.52,1357.37,1323.3,1356.86
2020-05-15,1348.26,1374.58,1339.0,1373.06
2020-05-18,1361.58,1392.76,1354.2,1385.18
2020-05-19,1385.48,1392.49,1373.76,1374.4
2020-05-20,1389.16,1412.026,1387.4193,1409.16
2020-05-21,1410.99,1416.46,1394.39,1406.75
2020-05-22,1403.9,1417.0,1395.95,1413.24
2020-05-26,1441.96,1445.11,1419.395,1421.37
2020-05-27,1420.0,1425.345,1394.6,1420.28
2020-05-28,1400.0,1444.46,1399.076,1418.24
2020-05-29,1420.43,1436.73,1415.98,1433.52
2020-06-01,1425.7,1441.58,1422.28,1434.87
2020-06-02,1435.0,1443.0,1421.61,1442.31
2020-06-03,1442.7,1449.01,1431.62,1439.25
2020-06-04,1436.78,1441.32,1406.01,1414.3
2020-06-05,1415.64,1446.3,1407.6213,1440.02
2020-06-08,1426.28,1449.0,1424.48,1448.04
2020-06-09,1445.24,1467.8,1442.36,1452.08
2020-06-10,1461.51,1472.77,1454.355,1464.7
2020-06-11,1441.03,1451.6033,1398.41,1401.9
2020-06-12,1425.86,1434.505,1385.8,1412.92
2020-06-15,1389.49,1425.0,1387.1952,1420.74
2020-06-16,1449.0,1457.17,1428.99,1446.47
2020-06-17,1452.94,1462.2,1435.125,1452.54
2020-06-18,1449.85,1452.9699,1426.235,1434.12
2020-06-19,1440.0,1444.5,1419.0,1424.12
2020-06-22,1425.01,1450.95,1419.19,1450.66
2020-06-23,1452.0,1475.2,1445.0,1463.98
2020-06-24,1463.28,1475.79,1430.0,1432.7
2020-06-25,1431.22,1442.32,1419.5401,1441.1
2020-06-26,1432.63,1437.02,1355.0,1362.54
2020-06-29,1360.34,1398.0,1351.65,1397.17
2020-06-30,1396.88,1424.0,1386.9301,1418.05
2020-07-01,1419.17,1448.48,1414.18,1442.0
2020-07-02,1451.84,1488.52,1451.065,1469.93
2020-07-06,1488.15,1510.0,1476.976,1499.65
2020-07-07,1496.13,1521.32,1489.7,1489.92
2020-07-08,1500.8,1511.17,1492.3,1503.6
2020-07-09,1509.93,1529.1412,1495.59,1518.66
2020-07-10,1513.25,1541.34,1500.72,1539.01
2020-07-13,1549.94,1576.36,1506.56,1512.23
2020-07-14,1492.79,1522.8,1485.925,1520.86
2020-07-15,1523.23,1536.33,1497.83,1516.88
2020-07-16,1501.5,1515.91,1488.27,1514.92
2020-07-17,1516.91,1523.43,1498.1,1516.85
2020-07-20,1515.0,1569.01,1502.6961,1563.84
2020-07-21,1585.03,1587.05,1552.62,1555.92
2020-07-22,1555.71,1566.98,1543.23,1564.85
2020-07-23,1565.93,1570.35,1508.59,1516.75
2020-07-24,1499.19,1515.4273,1487.59,1508.21
2020-07-27,1513.26,1537.56,1512.33,1529.43
2020-07-28,1525.0,1526.01,1500.52,1503.65
2020-07-29,1505.0,1533.33,1503.01,1523.51
2020-07-30,1497.97,1540.89,1495.17,1538.37
2020-07-31,1497.05,1505.02,1454.0,1487.95
2020-08-03,1491.0,1497.73,1471.72,1482.76
2020-08-04,1486.71,1493.11,1464.03,1473.3
2020-08-05,1476.82,1490.0,1471.215,1479.09
2020-08-06,1476.15,1506.27,1471.9,1504.95
2020-08-07,1509.04,1520.09,1486.27,1498.37
2020-08-10,1490.8,1507.15,1477.4901,1496.82
2020-08-11,1494.0,1510.44,1478.19,1480.54
2020-08-12,1487.1245,1511.67,1485.0,1507.24
2020-08-13,1508.21,1536.9744,1508.21,1516.65
2020-08-14,1513.61,1519.785,1499.0,1504.63
2020-08-17,1515.97,1523.78,1505.0,1516.24
2020-08-18,1526.12,1557.37,1521.665,1555.78
2020-08-19,1552.49,1568.86,1540.0,1544.61
2020-08-20,1539.97,1580.17,1534.46,1576.25
2020-08-21,1571.8,1591.88,1562.31,1575.57
2020-08-24,1592.47,1608.78,1575.04,1585.15
2020-08-25,1580.1,1608.88,1577.88,1605.85
2020-08-26,1606.3,1652.79,1600.9754,1644.13
2020-08-27,1646.61,1647.99,1618.8137,1628.52
2020-08-28,1629.47,1641.35,1625.605,1639.43
2020-08-31,1643.57,1644.5,1625.33,1629.53
2020-09-01,1632.16,1659.22,1629.53,1655.08
2020-09-02,1668.01,1726.1022,1660.19,1717.39
2020-09-03,1699.52,1700.0,1607.71,1629.51
2020-09-04,1609.0,1634.99,1537.9701,1581.21
2020-09-08,1525.0,1555.55,1516.5,1523.6
2020-09-09,1548.9,1558.72,1525.17,1547.23
2020-09-10,1550.18,1573.66,1520.0,1526.05
2020-09-11,1528.15,1538.695,1493.02,1515.76
2020-09-14,1531.6471,1557.0,1505.11,1508.83
2020-09-15,1527.89,1550.99,1522.1,1535.12
2020-09-16,1542.48,1554.37,1511.59,1512.09
2020-09-17,1485.81,1498.66,1462.46,1487.04
2020-09-18,1488.3,1495.2,1431.62,1451.09
2020-09-21,1431.62,1440.06,1402.68,1430.14
2020-09-22,1450.32,1463.97,1429.495,1459.82
2020-09-23,1452.09,1453.08,1402.68,1409.0
2020-09-24,1402.68,1437.99,1402.15,1422.86
2020-09-25,1425.05,1445.94,1407.68,1439.06
2020-09-28,1471.99,1472.99,1446.28,1458.66
2020-09-29,1463.91,1472.0,1454.0,1466.02
2020-09-30,1460.935,1486.1975,1455.755,1465.6
2020-10-01,1483.6608,1495.07,1476.8,1487.9
2020-10-02,1459.63,1479.03,1447.35,1455.6
2020-10-05,1462.65,1484.7,1460.09,1482.83
2020-10-06,1475.5,1484.52,1445.01,1451.02
2020-10-07,1459.31,1468.97,1433.23,1459.14
2020-10-08,1465.45,1488.0275,1465.45,1483.43
2020-10-09,1492.86,1511.85,1487.0,1510.45
2020-10-12,1538.0,1588.42,1529.3,1564.59
2020-10-13,1577.01,1585.16,1558.63,1567.07
2020-10-14,1574.6,1583.85,1545.895,1563.44
2020-10-15,1544.5,1571.395,1541.1301,1555.47
2020-10-16,1561.83,1577.71,1557.66,1567.7
2020-10-19,1575.93,1583.925,1522.92,1529.95
2020-10-20,1523.11,1573.84,1520.5,1551.08
2020-10-21,1569.85,1615.14,1567.135,1585.99
2020-10-22,1585.0,1613.42,1577.48,1606.66
2020-10-23,1615.05,1634.12,1611.91,1632.98
2020-10-26,1615.0,1629.58,1567.78,1584.29
2020-10-27,1588.9319,1602.0,1576.99,1598.88
2020-10-28,1550.01,1553.81,1508.48,1510.8
2020-10-29,1517.02,1588.735,1516.55,1556.88
2020-10-30,1667.44,1681.315,1601.57,1616.26
2020-11-02,1623.54,1658.24,1614.24,1624.32
2020-11-03,1630.76,1659.0,1612.108,1645.66
2020-11-04,1705.5803,1770.03,1703.0,1745.85
2020-11-05,1770.45,1791.818,1741.03,1762.5
2020-11-06,1751.34,1768.495,1736.68,1759.73
2020-11-09,1795.98,1816.89,1757.545,1761.42
2020-11-10,1729.77,1759.38,1716.12,1737.72
2020-11-11,1748.4,1762.9,1743.06,1747.23
2020-11-12,1742.0,1764.98,1737.97,1742.82
2020-11-13,1748.0,1777.13,1735.98,1772.26
2020-11-16,1764.14,1794.34,1761.33,1774.03
2020-11-17,1767.86,1777.14,1759.49,1761.66
2020-11-18,1756.64,1765.0,1738.5658,1740.64
2020-11-19,1733.23,1763.49,1730.02,1758.57
2020-11-20,1762.0,1768.3625,1735.0,1736.38
2020-11-23,1740.22,1745.99,1710.18,1727.56
2020-11-24,1727.5,1766.475,1720.73,1763.9
2020-11-25,1767.81,1770.38,1748.36,1764.13
2020-11-27,1764.54,1797.01,1764.54,1787.02
2020-11-30,1775.65,1780.335,1747.84,1754.4
2020-12-01,1766.655,1821.7199,1763.03,1795.36
2020-12-02,1795.36,1832.74,1785.1695,1824.97
2020-12-03,1820.54,1843.83,1817.0,1821.84
2020-12-04,1820.22,1829.4994,1813.59,1823.76
2020-12-07,1815.55,1829.29,1803.04,1817.03
2020-12-08,1808.52,1815.97,1791.28,1811.33
2020-12-09,1810.36,1828.37,1762.0001,1777.86
2020-12-10,1762.6,1774.99,1733.527,1767.65
2020-12-11,1760.0,1777.31,1752.74,1774.8
2020-12-14,1770.72,1789.8,1749.13,1752.26
2020-12-15,1759.86,1764.0,1741.67,1761.08
2020-12-16,1769.11,1769.11,1749.06,1757.19
2020-12-17,1763.93,1766.71,1731.15,1740.51
2020-12-18,1746.1702,1748.36,1715.0,1726.22
2020-12-21,1709.13,1737.0,1694.0,1734.56
2020-12-22,1729.33,1732.6123,1705.78,1720.22
2020-12-23,1723.93,1744.11,1721.2,1728.23
2020-12-24,1729.0,1742.41,1724.35,1734.16
2020-12-28,1744.91,1787.0,1741.82,1773.96
2020-12-29,1787.23,1788.47,1755.11,1757.76
2020-12-30,1765.0,1767.76,1728.0,1736.25
2020-12-31,1737.27,1757.5,1736.09,1752.64
2021-01-04,1760.0,1762.4899,1707.14,1726.13
2021-01-05,1725.09,1746.83,1716.9,1740.05
2021-01-06,1700.255,1743.965,1696.1014,1722.88
2021-01-07,1726.76,1777.82,1726.76,1774.34
2021-01-08,1777.16,1799.355,1761.22,1797.83
2021-01-11,1777.02,1784.38,1752.14,1756.29
2021-01-12,1745.36,1767.9,1716.375,1737.43
2021-01-13,1727.32,1756.39,1727.32,1747.25
2021-01-14,1748.87,1767.5499,1726.07,1730.92
2021-01-15,1729.02,1747.62,1711.71,1727.62
2021-01-19,1743.0,1803.84,1732.83,1784.47
2021-01-20,1826.86,1899.7234,1819.51,1880.07
2021-01-21,1893.65,1932.08,1879.41,1884.15
2021-01-22,1891.46,1904.39,1876.495,1892.56
2021-01-25,1912.74,1921.82,1859.16,1893.54
2021-01-26,1885.99,1915.75,1876.13,1907.95
2021-01-27,1874.91,1880.47,1797.28,1818.94
2021-01-28,1831.0,1887.99,1831.0,1853.2
2021-01-29,1834.02,1847.535,1801.5601,1827.36
2021-02-01,1844.585,1915.54,1844.585,1893.07
2021-02-02,1913.13,1949.37,1906.37,1919.12
2021-02-03,2065.61,2106.6234,2013.55,2058.88
2021-02-04,2060.6156,2069.3,2035.1,2053.63
2021-02-05,2059.56,2095.94,2050.0,2088.83
2021-02-08,2100.0,2115.0,2063.35,2084.52
2021-02-09,2074.8,2098.51,2070.0,2075.39
2021-02-10,2083.14,2098.88,2052.24,2086.48
2021-02-11,2091.0,2094.0,2068.86,2088.75
2021-02-12,2079.77,2099.5,2073.57,2095.03
2021-02-16,2091.75,2145.14,2091.75,2110.7
2021-02-17,2093.98,2122.4434,2088.35,2118.62
2021-02-18,2105.0,2121.99,2093.33,2105.81
2021-02-19,2107.79,2118.58,2083.43,2088.81
2021-02-22,2053.6,2080.33,2048.0,2054.26
2021-02-23,2013.99,2072.5,1990.23,2060.12
2021-02-24,2031.37,2088.32,2027.53,2083.81
2021-02-25,2055.93,2083.0,2006.49,2015.95
2021-02-26,2029.95,2056.52,2001.01,2021.91
2021-03-01,2048.0,2076.23,2034.42,2069.66
2021-03-02,2064.84,2094.74,2056.67,2064.48
2021-03-03,2051.95,2075.99,1994.0,2011.41
2021-03-04,2014.869,2074.59,2005.43,2033.93
2021-03-05,2061.15,2106.2,2027.7773,2097.07
2021-03-08,2084.06,2113.74,2005.19,2007.5
2021-03-09,2049.75,2063.9153,2035.6,2040.36
2021-03-10,2061.4,2061.4,2019.33,2036.19
2021-03-11,2058.22,2111.27,2056.45,2100.54
2021-03-12,2076.41,2077.61,2032.42,2050.0
2021-03-15,2044.975,2054.99,2027.79,2054.44
2021-03-16,2065.99,2113.68,2059.29,2083.89
2021-03-17,2068.47,2099.0,2044.1218,2082.22
2021-03-18,2048.18,2068.746,2019.18,2021.34
2021-03-19,2029.73,2037.04,2002.93,2026.96
2021-03-22,2027.63,2048.34,2014.0,2030.69
2021-03-23,2039.95,2064.11,2028.0001,2041.33
2021-03-24,2051.76,2067.6,2029.0001,2032.53
2021-03-25,2029.05,2045.64,1996.09,2032.46
2021-03-26,2031.79,2039.385,2003.85,2024.73
2021-03-29,2022.16,2049.21,2005.45,2045.79
2021-03-30,2052.98,2062.67,2036.15,2046.47
2021-03-31,2054.4,2086.26,2047.0,2062.52
2021-04-01,2092.25,2135.75,2091.43,2129.78
2021-04-05,2147.15,2228.99,2145.205,2218.96
2021-04-06,2210.92,2228.0,2201.79,2209.26
2021-04-07,2213.1,2244.5,2213.1,2239.03
2021-04-08,2264.0,2271.7899,2243.01,2250.43
2021-04-09,2245.44,2273.97,2237.255,2270.67
2021-04-12,2254.12,2256.885,2227.82,2244.62
2021-04-13,2250.99,2263.47,2243.05,2254.43
2021-04-14,2267.43,2267.43,2236.015,2241.91
2021-04-15,2261.95,2296.0,2251.17,2285.25
2021-04-16,2289.24,2294.24,2270.92,2282.75
2021-04-19,2270.18,2304.09,2270.18,2289.76
2021-04-20,2297.49,2298.9999,2257.12,2279.01
2021-04-21,2272.05,2280.0,2244.82,2278.35
2021-04-22,2275.4,2288.8814,2240.32,2252.52
2021-04-23,2267.0,2306.1175,2261.25,2299.93
2021-04-26,2304.52,2324.53,2297.315,2309.93
2021-04-27,2317.6326,2318.45,2286.16,2290.98
2021-04-28,2392.4954,2431.38,2353.22,2359.04
2021-04-29,2389.23,2404.16,2373.85,2392.76
2021-04-30,2368.02,2381.85,2346.56,2353.5
2021-05-03,2364.91,2381.55,2335.5,2343.08
2021-05-04,2313.55,2324.9899,2256.68,2306.83
2021-05-05,2328.63,2335.0,2308.28,2314.77
2021-05-06,2306.33,2337.35,2293.0418,2337.35
2021-05-07,2363.89,2371.25,2346.155,2351.93
2021-05-10,2328.14,2331.0,2284.54,2291.75
2021-05-11,2243.07,2280.28,2233.92,2270.06
2021-05-12,2226.19,2247.98,2193.62,2200.25
2021-05-13,2226.12,2239.4375,2206.72,2229.04
2021-05-14,2258.54,2284.72,2250.0,2278.38
2021-05-17,2263.57,2289.78,2255.5101,2288.92
2021-05-18,2302.35,2307.6818,2262.19,2262.47
2021-05-19,2228.43,2274.99,2225.44,2271.5
2021-05-20,2291.0,2312.0,2283.52,2306.95
2021-05-21,2317.41,2318.89,2289.3,2294.13
2021-05-24,2314.89,2365.55,2311.955,2361.04
2021-05-25,2372.0,2384.0,2355.0,2362.87
2021-05-26,2366.52,2388.99,2366.4625,2380.31
2021-05-27,2389.05,2389.05,2356.26,2362.68
2021-05-28,2374.42,2376.07,2352.85,2356.85
2021-06-01,2374.44,2385.71,2354.28,2381.18
2021-06-02,2389.15,2393.64,2352.355,2370.59
2021-06-03,2345.73,2357.015,2329.52,2347.58
2021-06-04,2369.27,2399.03,2362.41,2393.57
2021-06-07,2389.436,2404.5099,2381.0,2402.3
2021-06-08,2412.01,2419.5202,2394.78,2398.44
2021-06-09,2411.43,2412.88,2396.9,2407.94
2021-06-10,2406.92,2436.0,2403.78,2435.13
2021-06-11,2440.0,2441.72,2418.96,2430.2
2021-06-14,2432.26,2448.92,2418.0,2448.91
2021-06-15,2449.0,2455.51,2421.12,2428.39
2021-06-16,2431.44,2437.72,2389.4,2415.45
2021-06-17,2413.95,2450.45,2410.0,2434.87
2021-06-18,2427.34,2432.06,2400.3,2402.22
2021-06-21,2410.01,2440.0,2397.97,2436.25
2021-06-22,2435.0,2448.0,2421.28,2446.61
2021-06-23,2441.87,2461.91,2436.69,2442.54
2021-06-24,2454.0,2461.1107,2446.0,2450.0
2021-06-25,2440.0,2452.66,2431.305,2450.17
2021-06-28,2453.57,2455.695,2428.1101,2450.72
2021-06-29,2453.4071,2460.415,2433.815,2445.45
2021-06-30,2439.89,2445.14,2427.09,2441.79
2021-07-01,2434.5,2451.74,2430.63,2448.89
2021-07-02,2463.0,2508.08,2461.19,2505.15
2021-07-06,2512.97,2528.56,2491.6501,2523.8
2021-07-07,2543.24,2545.68,2523.06,2529.48
2021-07-08,2480.52,2511.91,2480.44,2500.88
2021-07-09,2500.5,2514.69,2491.025,2510.37
2021-07-12,2523.56,2541.3888,2512.215,2539.51
2021-07-13,2540.77,2561.15,2533.49,2546.83
2021-07-14,2559.16,2586.5266,2558.2892,2564.74
2021-07-15,2572.98,2574.0,2530.6,2540.1
2021-07-16,2553.26,2556.23,2523.07,2539.4
2021-07-19,2521.79,2524.1,2470.1,2491.56
2021-07-20,2510.55,2540.8636,2487.01,2524.19
2021-07-21,2522.67,2551.92,2520.47,2550.98
2021-07-22,2556.88,2569.66,2549.9769,2568.43
2021-07-23,2608.61,2667.9799,2596.01,2660.3
2021-07-26,2666.565,2684.74,2646.03,2680.7
2021-07-27,2685.01,2687.98,2602.08,2638.0
2021-07-28,2726.239,2765.94,2705.55,2721.88
2021-07-29,2723.0,2733.2203,2710.86,2715.55
2021-07-30,2700.7,2706.09,2685.1,2694.53
2021-08-02,2702.34,2706.73,2675.8828,2697.09
2021-08-03,2702.7,2714.64,2666.39,2712.6
2021-08-04,2706.99,2712.99,2689.74,2702.51
2021-08-05,2713.61,2727.0,2696.92,2725.03
2021-08-06,2720.84,2729.45,2704.2,2714.77
2021-08-09,2718.85,2743.68,2706.785,2738.26
2021-08-10,2746.84,2755.4461,2727.29,2736.14
2021-08-11,2743.63,2753.645,2725.43,2725.58
2021-08-12,2719.51,2746.0,2708.51,2743.88
2021-08-13,2745.0,2757.13,2740.66,2754.55
2021-08-16,2750.4979,2767.25,2705.975,2766.19
2021-08-17,2755.0,2765.31,2721.64,2733.23
2021-08-18,2730.0,2742.085,2706.43,2708.98
2021-08-19,2688.71,2727.05,2685.0,2713.6
2021-08-20,2720.0,2751.08,2705.0,2748.59
2021-08-23,2759.39,2817.49,2752.15,2800.83
2021-08-24,2812.23,2841.6,2806.77,2825.23
2021-08-25,2832.5,2843.7897,2827.52,2841.58
2021-08-26,2835.0,2848.35,2827.14,2828.81
2021-08-27,2833.05,2890.25,2829.94,2880.08
2021-08-30,2888.0,2919.41,2883.26,2891.81
2021-08-31,2902.94,2903.425,2885.62,2893.95
2021-09-01,2900.0,2925.075,2897.67,2904.31
2021-09-02,2904.32,2910.385,2863.695,2865.74
2021-09-03,2861.61,2883.1,2848.01,2874.79
2021-09-07,2876.69,2891.3,2872.38,2885.61
2021-09-08,2882.0,2888.0,2860.0,2873.82
2021-09-09,2876.81,2886.21,2863.55,2870.82
2021-09-10,2884.25,2894.37,2814.755,2817.52
2021-09-13,2838.99,2859.0,2825.0,2846.65
2021-09-14,2859.905,2867.26,2835.0,2850.89
2021-09-15,2855.43,2889.01,2826.95,2888.59
2021-09-16,2879.01,2886.0,2848.03,2872.2
2021-09-17,2860.61,2869.0,2809.395,2816.0
2021-09-20,2763.23,2780.0,2726.435,2774.39
2021-09-21,2794.99,2800.23,2765.56,2780.66
2021-09-22,2786.08,2817.74,2771.03,2805.67
2021-09-23,2819.75,2833.93,2808.03,2824.32
2021-09-24,2810.77,2846.605,2804.82,2844.3
2021-09-27,2816.0853,2838.7699,2801.35,2821.44
2021-09-28,2773.1,2781.93,2707.2,2716.6
2021-09-29,2739.6,2743.02,2677.3,2687.07
2021-09-30,2685.23,2710.85,2671.12,2673.52
2021-10-01,2688.95,2738.21,2681.46,2730.86
2021-10-04,2719.21,2719.21,2621.0,2673.19
2021-10-05,2680.82,2744.49,2680.82,2720.46
2021-10-06,2695.0,2755.0,2691.0,2751.3
2021-10-07,2777.84,2800.84,2773.024,2784.5
2021-10-08,2791.54,2806.6207,2784.35,2795.71
2021-10-11,2785.84,2814.24,2777.18,2778.28
2021-10-12,2789.6,2790.14,2715.2,2728.98
2021-10-13,2748.05,2760.0,2730.3763,2751.64
2021-10-14,2789.4761,2826.745,2776.5,2823.02
2021-10-15,2832.29,2834.36,2815.1,2827.36
2021-10-18,2821.53,2855.92,2821.389,2855.56
2021-10-19,2867.75,2873.25,2852.0,2864.74
2021-10-20,2866.76,2870.9218,2827.53,2835.38
2021-10-21,2835.38,2843.12,2810.0,2837.72
2021-10-22,2783.0,2811.655,2721.12,2751.33
2021-10-25,2751.0,2760.0,2708.48,2748.94
2021-10-26,2785.27,2801.6588,2766.09,2786.17
2021-10-27,2788.1,2973.0,2788.1,2924.35
2021-10-28,2942.69,2943.16,2892.535,2916.98
2021-10-29,2901.56,2964.84,2892.99,2960.92
2021-11-01,2960.92,2960.92,2864.51,2869.94
2021-11-02,2891.59,2932.18,2886.71,2908.65
2021-11-03,2918.01,2933.38,2891.82,2931.96
2021-11-04,2942.49,2994.67,2926.16,2965.35
2021-11-05,2983.39,3006.55,2963.94,2977.04
2021-11-08,2996.5,3012.295,2968.61,2980.62
2021-11-09,2984.66,2996.69,2944.895,2978.37
2021-11-10,2950.0,2961.4,2890.75,2917.87
2021-11-11,2929.79,2950.71,2912.01,2915.33
2021-11-12,2932.31,2977.0,2908.2201,2973.56
2021-11-15,2978.01,2990.99,2951.5,2969.04
2021-11-16,2962.99,2975.25,2946.25,2957.52
2021-11-17,2960.55,2971.19,2944.8,2960.94
2021-11-18,2964.83,3011.61,2957.69,2996.77
2021-11-19,2999.5088,3019.33,2977.98,2978.53
2021-11-22,2986.65,2996.59,2922.95,2926.04
2021-11-23,2923.06,2933.2,2882.3,2915.64
2021-11-24,2909.47,2924.985,2887.46,2922.4
2021-11-26,2886.97,2891.15,2836.85,2843.66
2021-11-29,2880.0,2925.95,2877.87,2910.61
2021-11-30,2900.17,2920.0,2832.03,2837.95
2021-12-01,2880.0,2919.005,2818.24,2821.03
2021-12-02,2825.0,2877.29,2804.29,2859.32
2021-12-03,2875.0,2888.0,2806.02,2840.03
2021-12-06,2860.81,2877.05,2803.0,2863.1
2021-12-07,2911.93,2950.6234,2904.55,2945.39
2021-12-08,2951.93,2967.86,2928.12,2963.73
2021-12-09,2951.82,2982.0,2942.3001,2952.77
2021-12-10,2974.0,2979.55,2934.075,2960.03
2021-12-13,2955.63,2959.4,2910.35,2916.53
2021-12-14,2879.36,2889.6,2824.295,2878.14
2021-12-15,2868.18,2934.42,2833.5578,2928.82
2021-12-16,2943.41,2953.535,2872.14,2888.9
2021-12-17,2850.0,2876.69,2826.0,2834.5
2021-12-20,2800.0,2835.49,2786.42,2832.14
2021-12-21,2841.07,2877.38,2810.05,2869.45
2021-12-22,2861.35,2930.0,2861.35,2928.3
2021-12-23,2930.0,2964.87,2929.04,2938.33
2021-12-27,2945.12,2966.8799,2943.385,2958.13
2021-12-28,2964.72,2965.9801,2921.0856,2933.74
2021-12-29,2932.8857,2948.34,2912.95,2933.1
2021-12-30,2933.88,2946.0,2919.89,2924.01
2021-12-31,2921.0,2933.97,2897.04,2897.04
2022-01-03,2901.1,2917.02,2874.255,2899.83
2022-01-04,2907.92,2929.6978,2874.325,2887.99
2022-01-05,2888.4,2889.9875,2753.76,2755.5
2022-01-06,2739.97,2798.8,2731.17,2754.95
2022-01-07,2762.91,2768.97,2715.33,2740.34
2022-01-10,2701.56,2776.39,2663.29,2773.39
2022-01-11,2760.14,2804.32,2733.845,2794.72
2022-01-12,2823.0,2852.155,2813.89,2828.61
2022-01-13,2830.8,2857.0,2768.18,2771.74
2022-01-14,2741.58,2814.84,2739.97,2789.61
2022-01-18,2723.5,2742.63,2708.765,2719.96
2022-01-19,2730.47,2759.19,2700.31,2702.33
2022-01-20,2725.0,2752.52,2659.2931,2666.15
2022-01-21,2651.87,2697.3106,2601.73,2607.03
2022-01-24,2519.56,2624.06,2490.0,2616.08
2022-01-25,2574.8,2587.98,2530.01,2538.7
2022-01-26,2622.38,2660.0,2542.84,2584.66
2022-01-27,2626.08,2653.045,2578.6458,2580.1
2022-01-28,2593.18,2667.13,2569.7,2667.02
2022-01-31,2683.2399,2709.46,2644.19,2706.07
2022-02-01,2751.89,2755.855,2687.37,2752.88
2022-02-02,3025.0,3030.9315,2910.4501,2960.0
2022-02-03,2914.11,2993.5,2853.3063,2861.8
2022-02-04,2868.8927,2897.5,2810.3,2865.86
2022-02-07,2885.0,2885.0,2778.0,2784.02
2022-02-08,2780.53,2800.0,2740.277,2787.98
2022-02-09,2819.27,2850.485,2803.7406,2831.84
2022-02-10,2794.07,2829.69,2759.14,2772.4
2022-02-11,2772.0,2783.125,2668.0,2685.65
2022-02-14,2665.13,2726.0,2665.13,2710.52
2022-02-15,2751.41,2762.17,2716.43,2732.17
2022-02-16,2732.93,2761.72,2698.475,2754.76
2022-02-17,2724.86,2742.2699,2649.57,2650.78
2022-02-18,2669.34,2681.3999,2603.93,2608.06
2022-02-22,2596.7618,2643.605,2564.465,2596.27
2022-02-23,2632.97,2641.02,2550.55,2551.83
2022-02-24,2499.065,2660.0,2499.065,2652.37
2022-02-25,2671.04,2705.43,2635.03,2689.19
2022-02-28,2661.0,2715.03,2651.845,2701.14
2022-03-01,2697.57,2725.11,2664.37,2681.23
2022-03-02,2692.56,2705.25,2661.4308,2691.43
2022-03-03,2720.2,2728.7899,2660.51,2677.99
2022-03-04,2658.55,2677.03,2606.75,2638.13
2022-03-07,2629.76,2634.7,2525.9,2527.57
2022-03-08,2525.0,2625.0,2513.4937,2542.09
2022-03-09,2625.0,2674.71,2598.01,2668.4
2022-03-10,2625.32,2665.435,2618.25,2648.59
2022-03-11,2669.77,2675.91,2592.63,2597.41
2022-03-14,2605.0,2608.18,2505.5,2519.02
2022-03-15,2539.52,2597.09,2514.41,2583.96
2022-03-16,2614.66,2666.66,2574.69,2665.61
2022-03-17,2662.98,2681.608,2643.7,2676.78
2022-03-18,2668.49,2724.88,2645.165,2722.51
2022-03-21,2723.27,2741.0,2681.845,2722.03
2022-03-22,2722.03,2821.0,2722.03,2797.36
2022-03-23,2774.05,2791.77,2756.7,2765.51
2022-03-24,2784.0,2832.375,2755.01,2831.44
2022-03-25,2838.32,2840.7,2794.75,2833.46
2022-03-28,2818.01,2840.05,2796.225,2829.11
2022-03-29,2852.95,2875.87,2840.765,2850.11
2022-03-30,2849.2,2854.4063,2832.0,2838.77
2022-03-31,2841.06,2842.155,2780.49,2781.35
2022-04-01,2790.0,2809.415,2766.15,2803.01
2022-04-04,2807.17,2874.24,2806.21,2859.43
2022-04-05,2857.38,2859.81,2807.65,2811.82
2022-04-06,2775.0,2787.21,2710.34,2730.96
2022-04-07,2720.2,2743.29,2684.5479,2717.77
2022-04-08,2711.67,2713.4,2659.31,2665.75
2022-04-11,2636.47,2641.85,2573.37,2576.47
2022-04-12,2632.0,2632.0,2535.7797,2554.29
2022-04-13,2560.0,2606.68,2554.825,2597.88
2022-04-14,2609.59,2609.59,2532.02,2534.6
2022-04-18,2540.0,2564.25,2523.64,2553.53
2022-04-19,2553.83,2606.66,2539.99,2600.18
2022-04-20,2617.84,2627.98,2550.0,2560.8
2022-04-21,2585.0,2601.97,2490.53,2496.29
2022-04-22,2500.0,2508.04,2378.5,2392.71
2022-04-25,2382.02,2465.55,2370.22,2461.48
2022-04-26,2445.89,2450.2,2370.22,2373.0
2022-04-27,2289.385,2344.84,2254.7301,2285.89
2022-04-28,2328.3,2392.99,2282.3,2370.45
2022-04-29,2334.69,2358.395,2276.29,2282.19
2022-05-02,2268.1,2334.91,2252.0,2331.66
2022-05-03,2328.61,2368.8363,2320.69,2346.68
2022-05-04,2340.63,2457.09,2302.32,2445.22
2022-05-05,2404.08,2420.78,2300.115,2330.11
2022-05-06,2303.69,2351.43,2280.31,2314.93
2022-05-09,2265.0,2301.5418,2240.0101,2250.22
2022-05-10,2310.15,2325.0,2258.01,2287.9
2022-05-11,2264.73,2327.2882,2264.73,2272.05
2022-05-12,2227.55,2285.9,2196.49,2256.88
2022-05-13,2290.66,2357.5,2272.1001,2321.01
2022-05-16,2299.11,2323.4,2277.79,2288.9
2022-05-17,2336.81,2338.0,2297.395,2329.46
2022-05-18,2300.0,2308.0,2231.11,2237.99
2022-05-19,2228.63,2260.2,2200.0,2207.68
2022-05-20,2239.02,2243.67,2115.9272,2178.16
2022-05-23,2191.75,2242.95,2174.82,2229.76
2022-05-24,2115.44,2129.165,2037.6936,2119.4
2022-05-25,2099.71,2130.0,2077.13,2116.1
2022-05-26,2113.54,2172.99,2104.4971,2155.85
2022-05-27,2189.66,2246.36,2182.765,2246.33
2022-05-31,2254.93,2314.7,2241.57,2275.24
2022-06-01,2297.1,2342.0311,2265.0,2277.84
2022-06-02,2280.0,2357.99,2258.93,2352.45
2022-06-03,2321.25,2326.4325,2270.37,2290.82
2022-06-06,2334.09,2386.94,2323.28,2336.41
2022-06-07,2309.61,2353.82,2301.04,2342.99
2022-06-08,2335.23,2371.41,2332.0,2343.88
2022-06-09,2326.55,2365.9799,2295.52,2296.71
2022-06-10,2248.9,2265.58,2207.3224,2223.23
2022-06-13,2135.73,2175.83,2122.3836,2127.85
2022-06-14,2130.7,2158.49,2116.0,2134.31
2022-06-15,2170.9,2228.47,2153.39,2195.29
2022-06-16,2144.42,2172.97,2102.7601,2120.67
2022-06-17,2120.67,2173.9899,2100.92,2142.87
2022-06-21,2178.59,2249.785,2172.0,2230.88
2022-06-22,2211.13,2266.93,2207.6475,2229.75
2022-06-23,2244.63,2254.85,2210.01,2244.84
2022-06-24,2259.9,2361.58,2259.05,2359.5
2022-06-27,2365.46,2371.59,2303.5937,2316.67
2022-06-28,2316.05,2346.19,2236.96,2240.15
2022-06-29,2231.04,2263.205,2217.4501,2234.03
2022-06-30,2200.0,2217.76,2135.0,2179.26
2022-07-01,2158.66,2185.0,2134.61,2174.75
2022-07-05,2142.01,2267.535,2114.63,2265.26
2022-07-06,2266.04,2311.79,2229.52,2291.44
2022-07-07,2301.6,2383.79,2296.67,2375.66
2022-07-08,2345.0,2393.7,2338.025,2387.07
2022-07-11,2359.96,2359.96,2306.61,2313.53
2022-07-12,2324.3,2339.48,2273.8044,2280.41
2022-07-13,2234.02,2283.92,2224.03,2227.07
2022-07-14,2204.21,2221.86,2167.46,2207.35
2022-07-15,2240.01,2262.81,2218.0,2235.55
2022-07-18,112.64,113.68,108.37,109.03
2022-07-19,110.85,114.02,109.56,113.81
2022-07-20,113.17,115.4,112.48,113.9
2022-07-21,114.28,114.55,111.1132,114.34
2022-07-22,111.0,112.34,106.5,107.9
2022-07-25,108.41,109.87,106.3,107.51
2022-07-26,106.6,107.2,104.07,105.02
2022-07-27,109.26,113.91,108.01,113.06
2022-07-28,112.37,114.34,111.46,114.22
2022-07-29,113.08,116.705,113.06,116.32
2022-08-01,115.3,116.72,114.34,114.86
2022-08-02,114.0,116.35,113.72,115.13
2022-08-03,115.71,118.62,115.48,118.08
2022-08-04,117.48,118.78,116.89,118.19
2022-08-05,116.23,118.1056,116.0,117.47
2022-08-08,118.39,120.15,116.88,117.3
2022-08-09,117.135,117.32,115.71,116.63
2022-08-10,118.78,120.92,118.41,119.7
2022-08-11,121.28,121.49,118.56,118.84
2022-08-12,120.26,121.68,119.46,121.68
2022-08-15,121.13,122.3,120.61,122.08
2022-08-16,121.52,122.43,120.64,121.7
2022-08-17,120.12,121.29,119.38,119.55
2022-08-18,119.43,120.82,118.72,120.17
2022-08-19,119.06,119.15,116.76,117.21
2022-08-22,115.2,115.63,113.85,114.24
2022-08-23,113.475,115.01,113.43,113.86
2022-08-24,113.5,114.78,112.8701,113.69
2022-08-25,114.235,116.72,114.11,116.65
2022-08-26,114.72,115.12,110.19,110.34
2022-08-29,109.99,110.95,108.8,109.42
2022-08-30,110.17,110.5,107.8,108.94
2022-08-31,110.65,110.85,108.13,108.22
2022-09-01,108.28,110.445,107.36,109.74
2022-09-02,110.59,110.74,107.26,107.85
2022-09-06,107.3,108.03,105.78,106.81
2022-09-07,107.06,109.98,106.9,109.45
2022-09-08,108.04,109.6,107.16,108.38
2022-09-09,109.065,110.99,109.02,110.65
2022-09-12,110.99,111.62,109.93,110.86
2022-09-13,107.8,108.3,104.09,104.32
2022-09-14,104.57,105.275,103.66,105.0
2022-09-15,104.03,105.27,102.35,102.91
2022-09-16,102.07,103.13,100.94,102.8
2022-09-19,101.75,103.33,101.55,103.07
2022-09-20,102.08,102.37,100.52,101.14
2022-09-21,101.67,102.88,99.27,99.28
2022-09-22,98.82,101.24,98.79,100.14
2022-09-23,99.63,99.66,97.47,98.74
2022-09-26,98.1,99.88,97.8,98.17
2022-09-27,99.43,100.0,96.872,97.5
2022-09-28,97.65,100.7,97.11,100.05
2022-09-29,98.64,98.64,95.96,97.42
2022-09-30,97.05,98.9,95.56,95.65
2022-10-03,96.76,99.2872,96.521,98.64
2022-10-04,100.44,101.84,100.38,101.64
2022-10-05,99.825,101.93,98.8,101.43
2022-10-06,100.68,102.9254,100.59,101.42
2022-10-07,99.85,100.53,98.295,98.68
2022-10-10,99.0,99.095,97.01,97.86
2022-10-11,97.43,99.245,96.31,97.18
2022-10-12,97.3,98.75,96.735,97.56
2022-10-13,95.15,99.775,94.3836,99.06
2022-10-14,99.99,100.69,96.37,96.56
2022-10-17,98.86,100.93,98.83,99.97
2022-10-18,103.13,103.47,99.97,100.77
2022-10-19,100.01,101.0183,98.9201,99.63
2022-10-20,100.0,102.32,99.39,99.97
2022-10-21,97.845,101.31,97.72,101.13
2022-10-24,101.8,102.75,99.98,102.52
2022-10-25,102.9,104.82,102.72,104.48
2022-10-26,96.43,98.31,94.69,94.93
2022-10-27,94.52,95.43,91.8,92.22
2022-10-28,92.27,96.55,92.13,96.29
2022-10-31,95.42,96.03,93.98,94.51
2022-11-01,95.45,96.03,90.37,90.47
2022-11-02,90.94,91.18,86.88,86.97
2022-11-03,86.32,86.52,83.34,83.43
2022-11-04,85.4,86.64,83.71,86.58
2022-11-07,87.28,88.9,86.85,88.49
2022-11-08,88.9,90.32,87.5901,88.9
2022-11-09,88.45,89.435,87.28,87.32
2022-11-10,92.25,94.39,91.61,93.94
2022-11-11,94.69,96.93,93.92,96.41
2022-11-14,95.09,96.79,94.51,95.7
2022-11-15,98.26,100.14,96.71,98.44
2022-11-16,97.9,99.6375,97.64,98.85
2022-11-17,96.97,99.28,96.79,98.36
2022-11-18,98.77,98.9,96.37,97.43
2022-11-21,97.29,98.4,95.355,95.6
2022-11-22,95.95,97.22,94.05,97.05
2022-11-23,97.09,98.76,97.09,98.46
2022-11-25,98.24,98.64,97.4,97.46
2022-11-28,97.0363,97.58,95.61,96.05
2022-11-29,95.73,96.12,94.11,95.19
2022-11-30,94.82,101.04,94.42,100.99
2022-12-01,101.02,102.25,100.25,100.99
2022-12-02,99.05,100.77,98.9,100.44
2022-12-05,99.4,101.38,99.0,99.48
2022-12-06,99.3,99.78,96.42,96.98
2022-12-07,96.41,96.8811,94.715,94.94
2022-12-08,95.38,95.58,93.45,93.71
2022-12-09,93.77,94.26,92.75,92.83
2022-12-12,92.71,93.56,91.61,93.31
2022-12-13,97.76,99.53,95.03,95.63
2022-12-14,95.2,96.87,93.6,95.07
2022-12-15,93.13,93.64,90.01,90.86
2022-12-16,90.76,91.33,89.52,90.26
2022-12-19,90.255,90.56,88.21,88.44
2022-12-20,88.11,89.175,87.4401,89.02
2022-12-21,89.08,90.22,88.32,89.58
2022-12-22,88.16,88.54,86.32,87.76
2022-12-23,87.11,89.545,87.07,89.23
2022-12-27,88.795,88.94,87.01,87.39
2022-12-28,86.98,88.04,85.94,86.02
2022-12-29,86.62,88.845,86.61,88.45
2022-12-30,86.98,88.3,86.57,88.23
2023-01-03,89.585,91.05,88.52,89.12
2023-01-04,90.35,90.65,87.271,88.08
2023-01-05,87.47,87.57,85.9,86.2
2023-01-06,86.79,87.69,84.86,87.34
2023-01-09,88.36,90.05,87.86,88.02
2023-01-10,85.98,88.67,85.83,88.42
2023-01-11,89.18,91.6,89.01,91.52
2023-01-12,91.48,91.87,89.75,91.13
2023-01-13,90.85,92.19,90.1299,92.12
2023-01-17,92.06,92.25,90.05,91.29
2023-01-18,92.14,92.7999,90.64,91.12
2023-01-19,90.72,93.605,90.63,93.05
2023-01-20,95.1,98.3,95.02,98.02
2023-01-23,97.95,100.04,97.5,99.79
2023-01-24,98.1,99.61,97.2,97.7
2023-01-25,95.57,96.162,93.76,95.22
2023-01-26,96.5,97.57,95.38,97.52
2023-01-27,97.31,100.32,97.31,99.37
2023-01-30,97.48,98.29,96.395,96.94
2023-01-31,96.87,98.88,96.82,98.84
2023-02-01,98.71,101.19,97.58,100.43
2023-02-02,105.8,107.85,105.61,107.74
2023-02-03,102.93,107.81,102.58,104.78
2023-02-06,102.4,104.36,101.88,102.9
2023-02-07,103.22,108.18,103.12,107.64
2023-02-08,102.05,103.14,98.035,99.37
2023-02-09,100.0,100.03,93.63,95.01
2023-02-10,95.45,96.75,94.25,94.57
2023-02-13,94.74,95.2,93.84,94.61
2023-02-14,94.43,94.845,92.26,94.68
2023-02-15,94.49,97.12,94.15,96.94
2023-02-16,95.37,97.68,94.74,95.51
2023-02-17,94.85,95.5599,93.21,94.35
2023-02-21,93.0,93.1,91.72,91.79
2023-02-22,91.7,92.11,90.61,91.65
2023-02-23,91.92,91.94,89.76,90.89
2023-02-24,89.44,89.89,88.575,89.13
2023-02-27,89.87,90.16,89.335,89.87
2023-02-28,89.33,91.23,89.32,90.06
2023-03-01,89.98,91.03,89.67,90.36
2023-03-02,89.66,92.275,89.59,92.0
2023-03-03,92.48,93.73,92.45,93.65
2023-03-06,94.015,95.97,94.0,95.13
2023-03-07,94.98,95.67,93.53,93.86
2023-03-08,94.12,95.955,94.0,94.25
2023-03-09,94.05,95.53,91.9,92.32
2023-03-10,92.17,92.79,90.395,90.63
2023-03-13,90.09,92.57,89.42,91.11
2023-03-14,92.56,94.36,92.44,93.97
2023-03-15,93.22,96.93,92.64,96.11
2023-03-16,96.2,101.19,95.5,100.32
2023-03-17,100.26,102.835,100.1,101.62
2023-03-20,100.12,101.75,99.87,101.22
2023-03-21,101.25,105.1,101.22,104.92
2023-03-22,104.27,106.59,103.33,103.37
2023-03-23,105.06,106.3,104.46,105.6
2023-03-24,104.99,105.49,103.84,105.44
2023-03-27,104.615,104.76,101.9273,102.46
2023-03-28,102.44,102.45,99.74,101.03
2023-03-29,102.28,102.49,100.65,101.39
2023-03-30,100.91,101.155,99.78,100.89
2023-03-31,101.3,103.89,101.04,103.73
2023-04-03,102.39,104.53,101.93,104.36
2023-04-04,104.33,105.58,104.04,104.72
2023-04-05,105.78,106.1,103.66,104.47
2023-04-06,105.26,109.17,104.33,108.42
2023-04-10,106.98,107.59,105.12,106.44
2023-04-11,106.55,106.73,104.68,105.35
2023-04-12,106.58,106.75,104.34,104.64
2023-04-13,105.84,107.49,105.84,107.43
2023-04-14,106.89,108.94,106.84,108.87
2023-04-17,104.658,106.16,104.52,105.97
2023-04-18,106.49,106.54,104.07,104.5
2023-04-19,103.58,104.98,103.07,104.18
2023-04-20,103.91,106.25,103.8684,105.29
2023-04-21,105.47,106.0,104.78,105.41
2023-04-24,105.49,106.63,104.7,105.97
2023-04-25,105.825,106.69,103.84,103.85
2023-04-26,104.92,106.35,102.63,103.71
2023-04-27,104.45,108.37,103.54,107.59
2023-04-28,107.04,107.35,105.09,107.34
2023-05-01,106.84,107.99,106.82,107.2
2023-05-02,107.14,107.2,103.71,105.32
2023-05-03,105.53,107.49,104.96,105.41
2023-05-04,105.485,105.6,103.97,104.69
2023-05-05,104.82,105.88,104.11,105.57
2023-05-08,105.18,107.96,105.16,107.77
2023-05-09,108.39,110.15,107.19,107.35
2023-05-10,107.97,112.94,107.93,111.75
2023-05-11,115.395,117.92,114.41,116.57
2023-05-12,116.68,118.03,116.11,117.51
2023-05-15,116.11,118.48,116.01,116.51
2023-05-16,116.49,120.75,116.43,119.51
2023-05-17,119.61,121.67,118.89,120.84
2023-05-18,120.95,123.31,120.83,122.83
2023-05-19,123.55,125.97,122.15,122.76
2023-05-22,122.94,126.43,122.74,125.05
2023-05-23,124.16,124.625,122.2104,122.56
2023-05-24,121.12,121.91,119.86,120.9
2023-05-25,124.52,125.32,121.96,123.48
2023-05-26,123.17,125.26,122.45,124.61
2023-05-30,125.64,125.66,122.0,123.67
2023-05-31,122.75,124.0601,122.5,122.87
2023-06-01,122.815,124.42,122.62,123.72
2023-06-02,123.99,126.15,123.76,124.67
2023-06-05,124.01,127.43,123.84,126.01
2023-06-06,126.01,128.29,125.36,127.31
2023-06-07,126.97,129.04,122.12,122.5
2023-06-08,122.225,123.225,121.24,122.14
2023-06-09,122.25,123.755,121.91,122.23
2023-06-12,122.785,124.05,121.66,123.64
2023-06-13,124.98,125.16,123.18,123.83
2023-06-14,123.1,124.05,121.45,123.67
2023-06-15,123.14,125.46,122.4,125.09
2023-06-16,125.93,126.108,123.28,123.53
2023-06-20,122.93,124.57,122.14,123.1
2023-06-21,122.4,122.66,120.1,120.55
2023-06-22,120.0,123.24,118.83,123.15
2023-06-23,121.38,122.7879,121.06,122.34
2023-06-26,120.76,122.0,118.265,118.34
2023-06-27,117.08,119.08,116.1,118.33
2023-06-28,117.09,120.39,116.85,120.18
2023-06-29,119.24,120.06,118.295,119.1
2023-06-30,120.17,121.08,119.7,119.7
2023-07-03,119.24,120.19,118.8182,119.9
2023-07-05,119.24,122.61,119.23,121.75
2023-07-06,119.795,120.3,118.4,120.11
2023-07-07,120.1,121.05,119.4,119.48
2023-07-10,118.3,118.305,116.135,116.45
2023-07-11,116.29,117.71,115.35,117.14
2023-07-12,118.8,120.33,118.4145,118.93
2023-07-13,120.93,124.83,120.45,124.54
2023-07-14,124.8,126.775,123.49,125.42
2023-07-17,125.94,127.0999,124.195,124.65
2023-07-18,124.6,124.68,122.96,123.76
2023-07-19,124.6,125.18,121.8,122.03
2023-07-20,121.42,124.09,118.22,119.2
2023-07-21,120.62,120.99,118.73,120.02
2023-07-24,121.66,123.0,120.98,121.53
2023-07-25,121.36,123.145,121.02,122.21
2023-07-26,130.07,130.98,128.32,129.27
2023-07-27,131.67,133.24,128.79,129.4
2023-07-28,130.78,133.74,130.57,132.58
2023-07-31,132.73,133.525,131.775,132.72
2023-08-01,130.775,132.63,130.68,131.55
2023-08-02,129.45,130.09,127.56,128.38
2023-08-03,127.97,129.385,127.42,128.45
2023-08-04,129.28,131.51,127.91,128.11
2023-08-07,129.16,131.61,129.02,131.53
2023-08-08,130.62,131.51,129.545,131.4
2023-08-09,131.66,132.04,129.0,129.66
2023-08-10,131.32,132.05,129.45,129.69
2023-08-11,128.66,129.93,128.17,129.56
2023-08-14,129.39,131.37,128.96,131.33
2023-08-15,131.1,131.42,129.28,129.78
2023-08-16,128.7,130.2809,127.865,128.7
2023-08-17,129.8,131.99,129.29,129.92
2023-08-18,128.51,129.25,126.3824,127.46
2023-08-21,127.175,128.725,126.56,128.37
2023-08-22,128.51,130.278,128.32,129.08
2023-08-23,130.18,133.41,129.87,132.37
2023-08-24,133.95,134.25,129.57,129.78
2023-08-25,129.54,130.76,127.25,129.88
2023-08-28,131.31,132.54,130.14,131.01
2023-08-29,132.24,136.57,132.24,134.57
2023-08-30,134.78,136.275,134.07,135.88
2023-08-31,136.01,138.0,135.79,136.17
2023-09-01,137.455,137.455,134.85,135.66
2023-09-05,135.44,136.42,134.5801,135.77
2023-09-06,136.02,136.5299,133.665,134.46
2023-09-07,133.59,135.58,132.95,135.26
2023-09-08,134.91,136.66,134.85,136.38
2023-09-11,136.54,137.48,135.785,136.92
2023-09-12,136.26,136.8701,135.19,135.34
2023-09-13,135.09,136.9,134.15,136.71
2023-09-14,137.6,138.695,136.24,138.1
2023-09-15,137.98,138.52,136.48,137.4
2023-09-18,136.61,139.16,136.61,138.21
2023-09-19,137.42,138.41,136.62,138.04
2023-09-20,138.08,138.08,133.62,133.74
2023-09-21,131.44,132.23,130.07,130.44
2023-09-22,130.76,132.025,129.6,130.25
2023-09-25,129.83,131.17,128.96,131.11
2023-09-26,129.77,130.3645,127.22,128.565
2023-09-27,128.57,130.895,128.57,130.54
2023-09-28,129.84,133.3,129.79,132.31
2023-09-29,133.28,134.05,130.36,130.86
2023-10-02,131.21,134.42,131.17,134.17
2023-10-03,133.94,134.26,131.84,132.43
2023-10-04,132.79,135.57,132.53,135.24
2023-10-05,135.07,135.49,133.45,135.07
2023-10-06,134.01,138.155,134.01,137.58
2023-10-09,136.94,138.94,135.61,138.42
2023-10-10,138.5,139.72,137.33,138.06
2023-10-11,138.58,141.11,138.58,140.55
2023-10-12,141.05,141.22,138.26,138.97
2023-10-13,139.38,140.0,136.615,137.36
2023-10-16,138.17,139.63,137.99,139.095
2023-10-17,138.63,139.9,137.18,139.72
2023-10-18,139.445,140.72,137.38,137.96
2023-10-19,138.5,139.66,137.38,137.75
2023-10-20,137.33,137.87,135.08,135.6
2023-10-23,135.04,137.6599,133.95,136.5
2023-10-24,137.83,139.3599,137.42,138.81
2023-10-25,128.16,128.31,125.07,125.61
2023-10-26,123.27,124.3297,121.27,122.28
2023-10-27,122.88,123.31,120.2057,122.17
2023-10-30,123.21,125.4,122.75,124.46
2023-10-31,125.06,125.37,122.685,124.08
2023-11-01,124.07,126.49,123.715,126.45
2023-11-02,128.42,128.98,126.93,127.49
2023-11-03,128.02,129.525,127.86,129.1
2023-11-06,129.05,130.34,128.67,130.25
2023-11-07,130.71,131.91,129.88,130.97
2023-11-08,130.97,132.21,130.78,131.84
2023-11-09,131.96,132.55,130.065,130.24
2023-11-10,130.105,132.8,129.41,132.59
2023-11-13,131.78,132.59,131.25,132.09
2023-11-14,134.19,135.7,133.32,133.62
2023-11-15,134.87,135.03,133.57,134.62
2023-11-16,135.19,137.2199,134.32,136.93
2023-11-17,136.0,136.06,133.65,135.31
2023-11-20,133.69,136.66,133.62,136.25
2023-11-21,136.29,137.18,135.96,136.97
2023-11-22,137.47,139.42,137.47,138.49
2023-11-24,138.03,138.13,135.99,136.69
2023-11-27,136.03,138.42,136.0,136.41
2023-11-28,136.08,137.25,135.4222,137.2
2023-11-29,137.57,138.288,134.84,134.99
2023-11-30,135.05,135.55,131.28,132.53
2023-12-01,131.86,132.11,130.665,131.86
2023-12-04,129.88,130.03,127.9,129.27
2023-12-05,128.95,132.14,128.25,130.99
2023-12-06,131.44,131.84,129.875,130.02
2023-12-07,135.04,138.56,134.7,136.93
2023-12-08,134.2,136.4,134.025,134.99
2023-12-11,132.38,133.335,131.36,133.29
2023-12-12,131.81,133.0,131.26,132.52
2023-12-13,133.38,133.5,131.57,132.57
2023-12-14,133.38,133.72,129.685,131.94
2023-12-15,131.62,133.51,131.18,132.6
2023-12-18,132.63,137.1478,132.43,135.8
2023-12-19,136.84,137.47,136.08,136.65
2023-12-20,138.97,141.695,138.065,138.34
2023-12-21,139.49,140.685,139.18,140.42
2023-12-22,140.77,141.99,140.71,141.49
2023-12-26,141.59,142.68,141.19,141.52
2023-12-27,141.59,142.08,139.886,140.37
2023-12-28,140.78,141.14,139.75,140.23
2023-12-29,139.63,140.36,138.78,139.69
2024-01-02,138.55,139.45,136.48,138.17
2024-01-03,137.25,139.63,137.08,138.92
2024-01-04,138.42,139.16,136.35,136.39
2024-01-05,136.745,137.1558,135.15,135.73
2024-01-08,136.29,139.01,136.26,138.84
2024-01-09,138.5,141.485,138.15,140.95
2024-01-10,141.0,143.0,140.91,142.28
2024-01-11,143.49,145.22,140.635,142.08
2024-01-12,142.67,143.195,141.82,142.65
2024-01-16,142.0,144.35,141.45,142.49
2024-01-17,141.345,141.84,138.9,141.47
2024-01-18,142.05,144.21,141.99,143.48
2024-01-19,144.74,146.45,144.38,146.38
2024-01-22,147.1,148.39,145.84,145.99
2024-01-23,145.89,147.182,145.5,147.04
2024-01-24,148.54,149.855,148.1,148.7
2024-01-25,150.065,153.05,149.54,151.87
2024-01-26,151.1,152.535,151.01,152.185
2024-01-29,152.06,153.78,151.43,153.51
2024-01-30,152.8,153.62,151.185,151.46
2024-01-31,143.62,144.0,139.87,140.1
2024-02-01,142.12,143.06,140.79,141.16
2024-02-02,139.26,142.62,136.5,142.38
2024-02-05,142.82,145.47,142.78,143.68
2024-02-06,144.65,145.36,143.19,144.1
2024-02-07,144.76,145.615,143.925,145.54
2024-02-08,145.83,146.33,145.105,145.91
2024-02-09,146.68,149.44,146.18,149.0
2024-02-12,148.42,149.335,147.37,147.53
2024-02-13,144.92,146.67,143.69,145.14
2024-02-14,146.08,146.52,144.094,145.94
2024-02-15,143.14,143.52,140.46,142.77
2024-02-16,142.99,143.19,140.14,140.52
2024-02-20,139.655,142.08,139.49,141.12
2024-02-21,141.45,142.69,140.675,142.55
2024-02-22,144.93,145.0,142.8,144.09
2024-02-23,143.67,144.68,143.43,143.96
2024-02-26,142.14,142.44,137.39,137.57
2024-02-27,138.02,139.25,137.09,138.88
2024-02-28,137.9,138.01,135.41,136.38
2024-02-29,137.28,138.86,136.4,138.46
2024-03-01,138.43,138.87,136.92,137.14
2024-03-04,135.66,135.66,131.91,133.35
2024-03-05,131.88,133.24,130.665,132.67
2024-03-06,133.12,133.58,130.85,131.4
2024-03-07,132.795,134.94,131.61,134.38
2024-03-08,134.21,138.085,134.0,135.41
2024-03-11,136.13,139.095,136.13,137.67
2024-03-12,137.03,139.375,137.03,138.5
2024-03-13,139.0,141.09,138.99,139.79
2024-03-14,141.19,143.585,140.455,143.1
2024-03-15,142.5,143.18,140.03,141.18
2024-03-18,148.61,152.15,147.17,147.68
2024-03-19,148.16,148.7913,146.08,147.03
2024-03-20,148.0,148.86,146.735,148.74
2024-03-21,149.47,150.37,146.9001,147.6
2024-03-22,149.12,151.58,148.98,150.77
2024-03-25,149.94,150.375,147.82,150.07
2024-03-26,150.22,152.256,149.98,150.67
2024-03-27,151.18,151.635,148.9,150.87
2024-03-28,150.85,151.43,150.17,150.93
2024-04-01,150.69,155.74,150.61,155.49
2024-04-02,153.5,154.7,152.15,154.56
2024-04-03,153.6,155.08,152.73,154.92
2024-04-04,153.5,154.77,150.45,150.53
2024-04-05,150.03,153.42,149.6,152.5
2024-04-08,152.78,155.27,152.61,154.85
2024-04-09,156.085,158.56,155.19,156.6
2024-04-10,156.21,156.61,154.68,156.14
2024-04-11,156.91,159.68,156.46,159.41
2024-04-12,157.96,160.2225,157.14,157.73
2024-04-15,158.86,159.24,154.59,154.86
2024-04-16,154.19,155.65,153.43,154.4
2024-04-17,155.62,157.08,154.58,155.47
2024-04-18,155.34,156.94,154.62,156.01
2024-04-19,156.2,156.36,152.3,154.09
2024-04-22,154.31,157.64,154.06,156.28
2024-04-23,156.96,158.97,156.28,158.26
2024-04-24,157.49,159.565,157.165,159.13
2024-04-25,151.33,156.49,150.87,156.0
2024-04-26,174.37,174.71,169.65,171.95
2024-04-29,169.058,169.55,165.21,166.15
2024-04-30,165.612,168.1,162.6,162.78
2024-05-01,164.3,167.12,163.09,163.86
2024-05-02,164.785,166.73,163.89,166.62
2024-05-03,167.56,167.96,163.05,167.24
2024-05-06,167.46,168.14,166.03,168.1
2024-05-07,168.5,171.76,168.39,171.25
2024-05-08,169.0,170.15,168.735,169.38
2024-05-09,169.39,170.69,168.18,169.96
2024-05-10,168.025,169.85,166.19,168.65
2024-05-13,164.26,169.28,164.0,169.14
2024-05-14,169.77,171.25,168.8,170.34
2024-05-15,170.63,172.65,170.51,172.51
2024-05-16,173.29,175.115,172.69,174.18
2024-05-17,174.18,176.265,173.69,176.06
2024-05-20,176.192,178.77,176.08,176.92
2024-05-21,176.9,178.15,175.81,177.85
2024-05-22,176.644,177.15,175.21,176.38
2024-05-23,177.07,178.25,172.95,173.55
2024-05-24,174.98,175.77,173.65,174.99
2024-05-28,174.45,177.27,174.365,176.4
2024-05-29,175.43,176.836,174.72,175.9
2024-05-30,175.2,175.22,171.79,172.11
2024-05-31,171.86,173.06,169.44,172.5
2024-06-03,172.54,174.525,171.16,173.17
2024-06-04,173.28,173.845,171.89,173.79
2024-06-05,175.2,176.645,173.9339,175.41
2024-06-06,175.895,177.15,175.75,176.73
2024-06-07,177.05,177.87,174.3,174.46
2024-06-10,174.97,177.06,172.76,175.01
2024-06-11,176.22,176.84,173.7701,176.62
2024-06-12,178.25,180.41,176.11,177.79
2024-06-13,176.11,176.74,174.88,175.16
2024-06-14,174.22,177.0623,174.15,176.79
2024-06-17,175.46,178.36,174.81,177.24
2024-06-18,177.14,177.385,174.1042,175.09
2024-06-20,175.37,177.29,174.99,176.3
2024-06-21,177.0,180.85,176.61,179.63
2024-06-24,180.16,180.89,178.67,179.22
2024-06-25,179.62,184.29,179.42,184.03
2024-06-26,182.63,184.51,182.48,183.88
2024-06-27,184.18,186.05,184.02,185.41
2024-06-28,184.32,185.13,181.96,182.15
2024-07-01,183.03,183.88,181.3,182.99
2024-07-02,182.05,185.57,181.56,185.24
2024-07-03,184.85,186.09,184.0,185.82
2024-07-05,185.855,190.86,185.8,190.6
2024-07-08,189.895,190.17,187.78,189.03
2024-07-09,190.31,191.36,188.72,188.98
2024-07-10,189.15,191.75,189.03,191.18
2024-07-11,189.845,190.86,185.08,185.57
2024-07-12,185.08,187.11,184.49,185.07
2024-07-15,184.92,188.24,184.92,186.53
2024-07-16,187.36,188.68,183.3736,183.92
2024-07-17,182.965,183.55,179.9,181.02
2024-07-18,181.93,182.5,176.47,177.69
2024-07-19,178.88,180.29,177.13,177.66
2024-07-22,180.59,182.7,180.23,181.67
2024-07-23,182.05,183.61,181.54,181.79
2024-07-24,173.6,176.19,171.82,172.63
2024-07-25,172.52,173.42,167.19,167.28
2024-07-26,167.15,168.09,164.06,167.0
2024-07-29,168.83,170.43,167.99,169.53
2024-07-30,170.24,171.2299,168.44,170.29
2024-07-31,173.24,174.245,170.01,171.54
2024-08-01,170.25,174.05,168.88,170.76
2024-08-02,166.44,168.51,164.67,166.66
2024-08-05,155.5,164.43,154.93,159.25
2024-08-06,159.33,160.57,156.41,158.29
2024-08-07,161.25,162.98,158.47,158.94
2024-08-08,160.51,163.69,160.21,162.03
2024-08-09,160.01,163.79,159.06,163.67
2024-08-12,164.35,164.9,161.84,162.29
2024-08-13,163.41,164.73,162.97,164.16
2024-08-14,162.4,163.22,157.71,160.37
2024-08-15,160.5,161.635,159.61,161.3
2024-08-16,161.47,165.06,161.13,162.96
2024-08-19,165.28,166.69,164.26,166.67
2024-08-20,166.9,168.64,166.82,167.18
2024-08-21,165.15,166.85,164.67,165.85
2024-08-22,167.26,167.59,163.31,163.8
2024-08-23,164.72,166.18,163.83,165.62
2024-08-26,166.38,167.55,164.455,166.16
2024-08-27,165.835,166.4426,164.46,164.68
2024-08-28,165.035,165.6,161.5284,162.85
2024-08-29,164.31,165.97,160.25,161.78
2024-08-30,162.615,163.66,161.6925,163.38
2024-09-03,161.72,161.85,156.48,157.36
2024-09-04,156.655,159.0,155.9616,156.45
2024-09-05,156.3,159.45,155.9805,157.24
2024-09-06,157.3,157.83,150.55,150.92
2024-09-09,152.51,153.4,147.215,148.71
2024-09-10,150.45,151.27,148.34,148.66
2024-09-11,149.92,151.5,147.52,151.16
2024-09-12,153.8,154.82,152.65,154.69
2024-09-13,155.43,158.38,155.21,157.46
2024-09-16,157.31,158.25,156.6,158.06
2024-09-17,159.02,160.55,158.375,159.32
2024-09-18,159.86,160.5,158.595,159.81
2024-09-19,163.71,163.79,161.34,162.14
2024-09-20,163.5,163.73,162.06,163.59
2024-09-23,164.35,165.49,161.67,161.85
2024-09-24,163.03,163.2158,160.69,162.29
2024-09-25,161.47,162.81,161.3,161.49
2024-09-26,163.64,164.08,162.28,162.73
2024-09-27,162.81,165.7,162.6261,163.95
2024-09-30,163.32,166.15,163.26,165.85
2024-10-01,167.685,169.16,164.58,166.99
2024-10-02,166.42,167.52,164.73,165.86
2024-10-03,164.41,166.64,163.923,165.86
2024-10-04,168.06,168.23,165.48,167.06
2024-10-07,167.72,168.48,162.75,162.98
2024-10-08,163.94,164.725,162.87,164.38
2024-10-09,163.45,164.84,159.74,161.86
2024-10-10,160.87,163.07,160.395,162.08
2024-10-11,162.13,163.9,161.235,163.24
2024-10-14,163.64,166.226,163.4,164.96
2024-10-15,165.785,167.68,164.625,165.46
2024-10-16,164.53,165.8,163.74,165.16
2024-10-17,165.73,166.37,162.76,162.93
2024-10-18,163.19,164.71,163.08,163.42
2024-10-21,162.95,164.5,162.62,164.07
2024-10-22,162.98,165.77,162.98,165.14
2024-10-23,164.76,165.82,161.925,162.78
2024-10-24,162.83,163.33,161.01,162.72
2024-10-25,163.67,165.59,163.42,165.27
2024-10-28,168.75,168.75,163.95,166.72
2024-10-29,167.73,170.38,167.0896,169.68
2024-10-30,180.68,182.02,174.0599,174.46
2024-10-31,173.13,176.82,171.0,171.11
2024-11-01,170.07,172.32,168.88,171.29
2024-11-04,169.93,170.73,168.011,169.24
2024-11-05,169.43,170.53,168.84,169.74
2024-11-06,173.8,176.94,173.5,176.51
2024-11-07,177.41,181.08,177.19,180.75
2024-11-08,180.645,180.9,178.08,178.35
2024-11-11,178.58,180.545,178.47,180.35
2024-11-12,179.82,182.49,179.39,181.62
2024-11-13,180.46,180.96,178.54,178.88
2024-11-14,178.28,178.82,174.3218,175.58
2024-11-15,173.73,174.14,171.22,172.49
2024-11-18,173.42,175.438,172.9,175.3
2024-11-19,173.72,178.87,173.56,178.12
2024-11-20,177.34,177.675,173.78,175.98
2024-11-21,173.9,174.13,163.7,167.63
2024-11-22,165.85,166.46,163.9,164.76
2024-11-25,166.09,168.63,165.6072,167.65
2024-11-26,167.63,169.82,167.58,169.12
2024-11-27,169.0,169.4832,168.02,169.23
2024-11-29,168.5,169.43,167.16,168.95
2024-12-02,168.765,172.075,168.57,171.49
2024-12-03,171.49,172.68,170.85,171.34
2024-12-04,171.145,174.91,171.06,174.37
2024-12-05,175.36,176.06,172.33,172.64
2024-12-06,172.03,175.08,171.86,174.71
2024-12-09,173.96,176.26,173.65,175.37
2024-12-10,182.845,186.36,181.05,185.17
2024-12-11,185.31,195.61,184.85,195.4
2024-12-12,195.0,195.18,191.71,191.96
2024-12-13,191.01,192.73,189.64,189.82
2024-12-16,192.87,199.0,192.62,196.66
2024-12-17,197.25,201.42,194.98,195.42
2024-12-18,195.22,197.0,187.74,188.4
2024-12-19,191.625,193.03,188.38,188.51
2024-12-20,185.78,192.89,185.22,191.41
2024-12-23,192.62,195.1,190.15,194.63
2024-12-24,194.84,196.11,193.78,196.11
2024-12-26,195.15,196.748,194.375,195.6
2024-12-27,194.95,195.32,190.65,192.76
2024-12-30,189.8,192.55,189.12,191.24
2024-12-31,191.075,191.96,188.51,189.3
2025-01-02,190.65,192.0,187.5,189.43
2025-01-03,191.37,193.21,189.975,191.79
2025-01-06,193.98,198.2222,193.85,196.87
2025-01-07,197.11,201.0,194.6,195.49
2025-01-08,192.57,196.29,192.38,193.95
2025-01-10,194.295,196.52,190.31,192.04
2025-01-13,190.07,191.18,187.36,191.01
2025-01-14,191.24,191.98,188.3082,189.66
2025-01-15,193.09,196.36,191.86,195.55
2025-01-16,194.14,195.48,192.81,192.91
2025-01-17,196.53,197.23,193.75,196.0
2025-01-21,199.07,202.29,197.87,198.05
2025-01-22,199.06,200.48,197.53,198.37
2025-01-23,198.14,200.3,195.2,197.98
2025-01-24,198.1,200.9,198.0,200.21
2025-01-27,192.41,196.88,190.73,191.81
2025-01-28,192.745,195.48,190.68,195.3
2025-01-29,195.555,196.785,193.43,195.41
2025-01-30,198.0,201.4,197.67,200.87
2025-01-31,202.0,205.48,201.8,204.02
2025-02-03,200.69,203.75,200.1,201.23
2025-02-04,203.39,207.05,202.81,206.38
2025-02-05,191.07,192.75,188.03,191.33
2025-02-06,189.5,192.1,188.72,191.6
2025-02-07,191.05,191.18,183.24,185.34
2025-02-10,187.35,188.2,185.86,186.47
2025-02-11,185.03,186.94,184.28,185.32
2025-02-12,183.22,185.11,181.83,183.61
2025-02-13,184.32,186.28,183.14,186.14
2025-02-14,185.055,186.4,184.32,185.23
2025-02-18,185.6,185.96,181.7401,183.77
2025-02-19,184.07,185.46,183.59,185.27
2025-02-20,184.8,185.31,182.72,184.56
2025-02-21,185.15,185.34,179.08,179.66
2025-02-24,181.99,183.12,178.885,179.25
2025-02-25,178.04,178.74,174.6939,175.42
2025-02-26,175.07,176.08,171.5807,172.73
2025-02-27,173.99,174.56,167.94,168.5
2025-02-28,168.68,170.61,166.77,170.28
2025-03-03,171.925,173.37,165.93,167.01
2025-03-04,166.24,173.2946,165.8,170.92
2025-03-05,170.52,173.78,169.06,173.02
2025-03-06,170.53,174.81,170.5,172.35
2025-03-07,171.26,174.97,170.27,173.86
2025-03-10,168.26,168.46,163.69,165.87
2025-03-11,164.91,166.75,161.37,164.04
2025-03-12,166.58,167.6399,163.53,167.11
2025-03-13,166.035,166.13,162.11,162.76
2025-03-14,163.27,166.49,162.45,165.49
2025-03-17,165.03,166.3,163.67,164.29
2025-03-18,163.675,164.25,156.72,160.67
2025-03-19,161.76,165.87,161.0,163.89
2025-03-20,161.57,164.89,160.96,162.8
2025-03-21,161.205,164.24,160.8901,163.99
2025-03-24,167.065,168.32,165.14,167.68
2025-03-25,168.98,170.63,168.315,170.56
2025-03-26,169.0,169.61,164.84,165.06
2025-03-27,164.63,165.42,162.0,162.24
2025-03-28,160.49,161.82,153.63,154.33
2025-03-31,153.11,155.54,150.662,154.64
2025-04-01,153.62,158.1,153.62,157.07
2025-04-02,155.15,158.4052,154.7,157.04
2025-04-03,151.11,152.7799,150.39,150.72
2025-04-04,148.01,151.07,145.38,145.6
2025-04-07,141.55,152.85,140.53,146.75
2025-04-08,151.22,152.24,143.03,144.7
2025-04-09,144.415,159.55,143.905,158.71
2025-04-10,156.54,157.72,149.93,152.82
2025-04-11,152.9,157.67,152.82,157.14
2025-04-14,159.995,161.72,157.56,159.07
2025-04-15,159.125,159.65,155.21,156.31
2025-04-16,153.1,155.89,151.51,153.33
2025-04-17,154.29,154.68,148.5,151.16
2025-04-21,148.88,148.945,146.1,147.67
2025-04-22,148.89,152.19,148.54,151.47
2025-04-23,155.61,157.525,153.81,155.35
2025-04-24,156.15,159.59,155.79,159.28
2025-04-25,165.07,166.1,161.04,161.96
2025-04-28,162.425,163.15,158.6,160.61
2025-04-29,160.325,160.74,157.52,160.16
2025-04-30,157.975,159.27,155.4,158.8
2025-05-01,160.45,161.95,158.91,161.3
2025-05-02,163.405,164.97,161.87,164.03
2025-05-05,163.0,165.39,162.72,164.21
2025-05-06,162.17,164.8,161.19,163.23
2025-05-07,164.08,165.0,147.84,151.38
2025-05-08,155.0,155.93,152.9,154.28
2025-05-09,154.17,155.05,152.2,152.75
2025-05-12,157.485,159.1,156.25,158.46
2025-05-13,158.79,160.57,156.16,159.53
2025-05-14,159.96,167.0,159.61,165.37
2025-05-15,165.84,166.205,162.3732,163.96
2025-05-16,167.725,169.35,165.62,166.19
2025-05-19,164.51,166.64,164.22,166.54
2025-05-20,166.43,168.5,162.9,163.98
2025-05-21,163.69,173.14,163.56,168.56
2025-05-22,171.85,176.77,170.71,170.87
2025-05-23,169.055,169.96,167.89,168.47
2025-05-27,170.16,173.17,170.0,172.9
2025-05-28,173.16,175.265,171.9107,172.36
2025-05-29,174.0,174.4193,170.63,171.86
2025-05-30,171.35,172.205,167.44,171.74
2025-06-02,167.84,169.87,167.39,169.03
2025-06-03,167.49,168.475,165.28,166.18
2025-06-04,166.735,168.215,166.36,168.05
2025-06-05,170.34,170.93,167.59,168.21
2025-06-06,170.83,174.5,170.83,173.68
2025-06-09,174.54,176.47,174.37,176.09
2025-06-10,176.2,181.105,174.91,178.6
2025-06-11,179.77,180.37,176.75,177.35
2025-06-12,176.18,176.72,174.745,175.7
2025-06-13,172.44,177.13,172.385,174.67
2025-06-16,174.73,176.94,174.65,176.77
2025-06-17,175.7,177.3648,174.58,175.95
2025-06-18,176.01,176.56,173.2,173.32
2025-06-20,173.945,174.34,165.46,166.64
2025-06-23,166.27,167.34,162.0,165.19
2025-06-24,166.92,168.22,166.13,166.77
2025-06-25,167.63,172.36,167.55,170.68
2025-06-26,172.43,173.69,169.94,173.54
2025-06-27,173.54,178.68,171.73,178.53
2025-06-30,180.78,181.23,174.58,176.23
2025-07-01,175.735,176.09,173.53,175.84
2025-07-02,175.54,178.86,175.07,178.64
2025-07-03,178.5,179.67,177.05,179.53
2025-07-07,179.06,179.297,175.68,176.79
2025-07-08,177.85,177.95,172.81,174.36
2025-07-09,175.25,179.44,172.77,176.62
2025-07-10,175.63,178.429,174.38,177.62
2025-07-11,176.785,181.43,176.48,180.19
2025-07-14,181.01,183.67,179.68,181.56
2025-07-15,182.81,184.22,181.6,182.0
2025-07-16,183.235,184.327,182.03,182.97
2025-07-17,182.14,184.06,180.48,183.58
2025-07-18,185.4,186.42,183.71,185.06
2025-07-21,186.25,190.285,186.15,190.1
2025-07-22,191.495,191.645,187.46,191.34
2025-07-23,191.5,192.53,189.18,190.23
2025-07-24,197.03,197.95,191.0,192.17
2025-07-25,191.98,194.33,191.26,193.18
2025-07-28,193.65,194.05,190.84,192.58
2025-07-29,192.43,195.92,192.08,195.75
2025-07-30,195.6,197.5999,194.685,196.53
2025-07-31,195.71,195.99,191.09,191.9
2025-08-01,189.025,190.83,187.82,189.13
2025-08-04,190.29,195.27,190.12,195.04
2025-08-05,194.71,197.8599,193.885,194.67
2025-08-06,194.5,196.63,193.67,196.09
2025-08-07,197.06,197.54,194.33,196.52
2025-08-08,197.22,202.61,197.17,201.42
2025-08-11,200.935,201.475,199.07,201.0
2025-08-12,201.365,204.5,200.59,203.34
2025-08-13,204.13,204.53,197.5101,201.96
2025-08-14,201.5,204.44,201.225,202.94
2025-08-15,203.85,206.44,201.28,203.9
2025-08-18,204.2,205.265,202.49,203.5
2025-08-19,203.03,203.44,199.96,201.57
2025-08-20,200.73,201.28,196.595,199.32
2025-08-21,199.745,202.48,199.43,199.75
2025-08-22,202.73,208.54,201.3,206.09
2025-08-25,206.43,210.52,205.28,208.49
2025-08-26,207.51,207.85,205.7,207.14
2025-08-27,205.7,208.91,205.65,207.48
2025-08-28,207.25,212.22,206.9,211.64
2025-08-29,210.51,214.645,210.2,212.91
2025-09-02,208.44,211.675,206.195,211.35
2025-09-03,226.21,231.31,224.79,230.66
2025-09-04,229.65,232.37,226.11,232.3
2025-09-05,232.2,235.76,231.9,235.0
2025-09-08,235.47,238.13,233.67,234.04
2025-09-09,234.165,240.47,233.229,239.63
2025-09-10,238.9,241.66,237.85,239.17
2025-09-11,239.88,242.25,236.25,240.37
2025-09-12,240.37,242.075,238.0,240.8
2025-09-15,244.66,252.4099,244.66,251.61
2025-09-16,252.08,253.04,249.47,251.16
2025-09-17,251.22,251.6,246.28,249.53
2025-09-18,251.68,253.99,249.8,252.03
2025-09-19,253.25,256.0,251.81,254.72
2025-09-22,254.43,255.78,250.3,252.53
2025-09-23,253.04,254.36,250.48,251.66
2025-09-24,251.66,252.3501,246.44,247.14
2025-09-25,244.4,246.49,240.74,245.79
2025-09-26,247.065,249.42,245.97,246.54
2025-09-29,247.85,251.1486,242.77,244.05
2025-09-30,242.81,243.29,239.245,243.1
2025-10-01,240.75,246.3,238.61,244.9
2025-10-02,245.15,246.81,242.3,245.69
2025-10-03,244.49,246.3,241.655,245.35
2025-10-06,244.78,251.32,244.58,250.43
2025-10-07,248.27,250.44,245.52,245.76
2025-10-08,244.96,246.005,243.82,244.62
2025-10-09,244.47,244.76,239.15,241.53
